<NotepadPlus>
    <UserLang name="scarpet" ext="sc" udlVersion="2.1">
        <Settings>
            <Global caseIgnored="yes" allowFoldOfComments="no" foldCompact="no" forcePureLC="0" decimalSeparator="0" />
            <Prefix Keywords1="no" Keywords2="no" Keywords3="no" Keywords4="no" Keywords5="no" Keywords6="yes" Keywords7="no" Keywords8="no" />
        </Settings>
        <KeywordLists>
            <Keywords name="Comments"></Keywords>
            <Keywords name="Numbers, prefix1"></Keywords>
            <Keywords name="Numbers, prefix2"></Keywords>
            <Keywords name="Numbers, extras1"></Keywords>
            <Keywords name="Numbers, extras2"></Keywords>
            <Keywords name="Numbers, suffix1"></Keywords>
            <Keywords name="Numbers, suffix2"></Keywords>
            <Keywords name="Numbers, range"></Keywords>
            <Keywords name="Operators1">; + - * / % ^ &amp;&amp; || &gt; &gt;= &lt; &lt;= == != = += -&gt; &lt;&gt; ! , ~</Keywords>
            <Keywords name="Operators2"></Keywords>
            <Keywords name="Folders in code1, open">(</Keywords>
            <Keywords name="Folders in code1, middle"></Keywords>
            <Keywords name="Folders in code1, close">)</Keywords>
            <Keywords name="Folders in code2, open"></Keywords>
            <Keywords name="Folders in code2, middle"></Keywords>
            <Keywords name="Folders in code2, close"></Keywords>
            <Keywords name="Folders in comment, open"></Keywords>
            <Keywords name="Folders in comment, middle"></Keywords>
            <Keywords name="Folders in comment, close"></Keywords>
            <Keywords name="Keywords1">not fact rand sin cos tan asin acos atan atan2 sinh cosh tanh sec csc sech csch cot acot coth asinh acosh atanh rad deg log log10 log1p sqrt max min abs round floor ceil mandelbrot relu print return exit throw try l join split slice sort sort_key range element put var undef vars if loop map filter first all for while reduce outer bool number str length rand sleep time</Keywords>
            <Keywords name="Keywords2">block pos solid air liquid flammable transparent opacity blocks_daylight emitted_light light block_light sky_light see_sky hardness blast_resistance top loaded loaded_ep suffocates power ticks_randomly update block_tick random_tick set blocks_movement block_sound material map_colour property player entity_id entity_list entity_area entity_selector query modify scan volume neighbours rect diamond sound particle particle_line particle_rect run save tick_time game_tick plop harvest destroy schedule</Keywords>
            <Keywords name="Keywords3">euler pi null true false</Keywords>
            <Keywords name="Keywords4">x y z p</Keywords>
            <Keywords name="Keywords5">_ _i _a _x _y _z</Keywords>
            <Keywords name="Keywords6">global_</Keywords>
            <Keywords name="Keywords7">__command __on_player_jumps __on_player_deploys_elytra __on_player_wakes_up __on_player_rides __on_player_uses_item __on_player_clicks_block __on_player_right_clicks_block __on_player_breaks_block __on_player_interacts_with_entity __on_player_attacks_entity __on_player_starts_sneaking __on_player_stops_sneaking __on_player_starts_sprinting __on_player_stops_sprinting</Keywords>
            <Keywords name="Keywords8">$</Keywords>
            <Keywords name="Delimiters">00&apos; 01\ 02&apos; 03 04 05 06 07 08 09 10 11 12 13 14 15 16 17 18 19 20 21 22 23</Keywords>
        </KeywordLists>
        <Styles>
            <WordsStyle name="DEFAULT" fgColor="000040" bgColor="FFFFFF" fontName="" fontStyle="0" nesting="0" />
            <WordsStyle name="COMMENTS" fgColor="000000" bgColor="FFFFFF" fontName="" fontStyle="0" nesting="0" />
            <WordsStyle name="LINE COMMENTS" fgColor="000000" bgColor="FFFFFF" fontName="" fontStyle="0" nesting="0" />
            <WordsStyle name="NUMBERS" fgColor="008040" bgColor="FFFFFF" fontName="" fontStyle="0" nesting="0" />
            <WordsStyle name="KEYWORDS1" fgColor="0000FF" bgColor="FFFFFF" fontName="" fontStyle="0" nesting="0" />
            <WordsStyle name="KEYWORDS2" fgColor="800000" bgColor="FFFFFF" fontName="" fontStyle="0" nesting="0" />
            <WordsStyle name="KEYWORDS3" fgColor="0080C0" bgColor="FFFFFF" fontName="" fontStyle="0" nesting="0" />
            <WordsStyle name="KEYWORDS4" fgColor="400080" bgColor="FFFFFF" fontName="" fontStyle="0" nesting="0" />
            <WordsStyle name="KEYWORDS5" fgColor="FF0080" bgColor="FFFFFF" fontName="" fontStyle="1" nesting="0" />
            <WordsStyle name="KEYWORDS6" fgColor="008000" bgColor="FFFFFF" fontName="" fontStyle="0" nesting="0" />
            <WordsStyle name="KEYWORDS7" fgColor="FF8040" bgColor="FFFFFF" fontName="" fontStyle="0" nesting="0" />
            <WordsStyle name="KEYWORDS8" fgColor="DEDEDE" bgColor="FFFFFF" fontName="" fontStyle="1" nesting="0" />
            <WordsStyle name="OPERATORS" fgColor="804040" bgColor="FFFFFF" fontName="" fontStyle="0" nesting="0" />
            <WordsStyle name="FOLDER IN CODE1" fgColor="804000" bgColor="FFFFFF" fontName="" fontStyle="0" nesting="0" />
            <WordsStyle name="FOLDER IN CODE2" fgColor="000000" bgColor="FFFFFF" fontName="" fontStyle="0" nesting="0" />
            <WordsStyle name="FOLDER IN COMMENT" fgColor="000000" bgColor="FFFFFF" fontName="" fontStyle="0" nesting="0" />
            <WordsStyle name="DELIMITERS1" fgColor="0080C0" bgColor="FFFFFF" fontName="" fontStyle="0" nesting="0" />
            <WordsStyle name="DELIMITERS2" fgColor="000000" bgColor="FFFFFF" fontName="" fontStyle="0" nesting="0" />
            <WordsStyle name="DELIMITERS3" fgColor="000000" bgColor="FFFFFF" fontName="" fontStyle="0" nesting="0" />
            <WordsStyle name="DELIMITERS4" fgColor="000000" bgColor="FFFFFF" fontName="" fontStyle="0" nesting="0" />
            <WordsStyle name="DELIMITERS5" fgColor="000000" bgColor="FFFFFF" fontName="" fontStyle="0" nesting="0" />
            <WordsStyle name="DELIMITERS6" fgColor="000000" bgColor="FFFFFF" fontName="" fontStyle="0" nesting="0" />
            <WordsStyle name="DELIMITERS7" fgColor="000000" bgColor="FFFFFF" fontName="" fontStyle="0" nesting="0" />
            <WordsStyle name="DELIMITERS8" fgColor="000000" bgColor="FFFFFF" fontName="" fontStyle="0" nesting="0" />
        </Styles>
    </UserLang>
</NotepadPlus>
